tag,patterns,responses
salam,"['Hai', 'Hai', 'Apakah ada orang di sana?', 'Hai, yang di sana', 'Halo', 'Halo', 'Howdy', 'Halo', 'Halo', 'Konnichiwi', 'Selamat tinggal', 'Ola']","['Halo yang disana.Katakan padaku bagaimana perasaanmu hari ini?', 'Hai, yang di sana.Apa yang membawamu ke sini hari ini?', 'Hai, yang di sana.Bagaimana perasaan Anda hari ini?', 'Senang bertemu denganmu.Bagaimana perasaan Anda saat ini?', 'Halo yang disana.Senang melihat Anda kembali.Apa yang terjadi di dunia Anda saat ini?']"
Pagi,['Selamat pagi'],['Selamat pagi.Saya harap Anda tidur nyenyak.Bagaimana perasaan Anda hari ini?']
sore,['Selamat siang'],['Selamat siang.Bagaimana hari mu?']
malam,['Selamat malam'],['Selamat malam.Bagaimana harimu?']
malam,['Selamat malam'],"['Selamat malam.Tidur nyenyak', 'Selamat malam.Mimpi indah.']"
selamat tinggal,"['Selamat tinggal', 'Sampai jumpa lagi', 'Selamat tinggal', 'Selamat tinggal', 'Sayard saya', 'ok bye', 'Selamat tinggal kalau begitu', 'Tarifmu dengan baik']","['Sampai jumpa lagi.', 'Semoga harimu menyenangkan.', 'Selamat tinggal!Kembali lagi.', 'Sampai jumpa.']"
terima kasih,"['Terima kasih', 'Terima kasih', 'Itu membantu', 'Terima kasih untuk bantuannya', 'Dari Anda']","['Saya senang bisa membantu!', 'Kapan pun!', 'Dengan senang hati', 'Anda dipersilahkan!']"
tidak ada respon,[''],"['Maaf, saya tidak mengerti Anda.', 'Silakan lanjutkan.', 'Tidak yakin saya mengerti itu.', 'Tolong jangan ragu untuk berbicara dengan saya.']"
respons netral,['tidak banyak'],['Oh begitu.Apakah Anda ingin membicarakan sesuatu?']
tentang,"['Siapa kamu?', 'Apa yang kamu?', 'Siapa kamu?', 'Ceritakan padaku lebih banyak lagi tentang dirimu.', 'Siapa namamu?', 'Apa yang harus saya hubungi?', 'Siapa namamu?', 'Ceritakan tentang dirimu']","['Saya Pandora, asisten AI terapeutik pribadi Anda.Bagaimana perasaan Anda hari ini', 'Saya Pandora, assitan AI terapeutik yang dirancang untuk membantu Anda.Ceritakan tentang dirimu.', 'Saya Pandora.Saya seorang agen percakapan yang dirancang untuk meniru terapis.Jadi bagaimana perasaanmu hari ini?', 'Anda bisa memanggil saya Pandora.', 'Saya Pandora!', 'Panggil aku Pandora']"
keahlian,['Apa yang bisa kau lakukan?'],"['Saya dapat memberikan saran umum tentang kecemasan dan depresi, menjawab pertanyaan yang berkaitan dengan kesehatan mental dan melakukan percakapan sehari -hari.Jangan menganggap saya sebagai subsitute untuk pekerja perawatan kesehatan mental yang sebenarnya.Silakan mencari bantuan jika Anda tidak merasa puas dengan saya.']"
penciptaan,"['Siapa yang menciptakanmu?', 'Bagaimana kabarmu?', 'Bagaimana Anda dibuat?']","['Saya diciptakan oleh>.', 'Saya dilatih pada dataset teks menggunakan teknik pembelajaran yang mendalam & pemrosesan bahasa alami', 'Pertanyaan sebenarnya adalah: Siapa yang menciptakan Anda?']"
nama,"['Nama saya adalah', 'Saya nama.', 'Saya pergi']","['Oh senang bertemu denganmu.Katakan padaku bagaimana minggumu?', 'Senang berkenalan dengan Anda.Jadi katakan padaku.bagaimana perasaanmu hari ini?', 'Itu nama yang bagus.Ceritakan padaku lebih banyak lagi tentang dirimu.']"
membantu,"['Bisakah kamu membantuku?', 'tolong beri saya bantuan', 'Bisakah kamu menolong?', 'Apa yang bisa kamu lakukan untuk saya?', 'Saya butuh dukungan', 'saya butuh bantuan', 'Tolong dukung saya']","['Tentu.Beri tahu saya bagaimana saya bisa membantu Anda', 'Ceritakan masalah Anda sehingga saya dapat membantu Anda', 'Ya tentu. Apa yang bisa saya bantu?']"
sedih,"['Saya merasa kesepian', 'saya sangat kesepian', 'Saya merasa sedih', 'saya merasa sedih', 'aku sedih', 'Saya merasa sangat kesepian', 'Saya merasa kosong', 'Saya tidak punya siapa pun']","['Saya turut berduka mendengarnya.Aku di sini Untukmu.Membicarakannya mungkin membantu.Jadi, beri tahu saya mengapa menurut Anda Anda merasa seperti ini?', 'Aku di sini Untukmu.Bisakah Anda memberi tahu saya mengapa Anda merasa seperti ini?', 'Menurut Anda mengapa Anda merasa seperti ini?', 'Sudah berapa lama Anda merasa seperti ini?']"
stres,"['Saya sangat stres', 'Saya sangat stres', 'Saya merasa mandek', 'Saya masih merasa stres', 'Saya sangat lelah']","['Menurut Anda apa yang menyebabkan ini?', 'Ambil napas dalam -dalam dan kumpulkan pikiran Anda.Berjalan -jalanlah jika memungkinkan.Tetap terhidrasi', 'Beri diri Anda istirahat.Mudah diri sendiri.', 'Saya menyesal mendengar bahwa. apa alasan dibalik ini?']"
tidak berguna,"['Saya merasa sangat tidak berharga.', 'Tidak ada yang menyukaiku.', 'Saya tidak bisa melakukan apapun.', 'Saya sangat tidak berguna', 'Tidak ada yang masuk akal lagi']","['Wajar untuk merasakan hal ini.Ceritakan lebih banyak.Apa lagi yang ada di pikiran Anda?', 'Mari kita bahas lebih lanjut mengapa Anda merasa seperti ini.', 'Pertama -tama saya ingin memberi tahu Anda bahwa Anda tidak sendirian dalam perasaan Anda dan selalu ada seseorang di sana untuk membantu.Anda selalu dapat mengubah perasaan Anda dan mengubah cara berpikir Anda dengan terbuka untuk mencoba berubah.', 'Pertama -tama saya ingin memberi tahu Anda bahwa Anda tidak sendirian dalam perasaan Anda dan selalu ada seseorang di sana untuk membantu.Anda selalu dapat mengubah perasaan Anda dan mengubah cara berpikir Anda dengan terbuka untuk mencoba berubah.']"
murung,"['Saya tidak tahan lagi', 'Saya sangat tertekan', 'Saya pikir saya depresi.', 'Saya mengalami depresi']","['Ini membantu untuk membicarakan apa yang terjadi.Anda akan baik -baik saja', 'Bicara padaku.Ceritakan lebih banyak.Ini membantu jika Anda membuka diri untuk orang lain.', 'Terkadang ketika kita mengalami depresi, sulit untuk peduli tentang apa pun.Mungkin sulit untuk melakukan hal yang paling sederhana.Beri diri Anda waktu untuk sembuh.']"
senang,"['Saya merasa senang hari ini.', 'Saya senang.', 'Saya merasa senang.', 'Aku baik-baik saja.', 'ceria', 'Saya baik-baik saja', 'Saya merasa baik -baik saja']","['Senang mendengar.Saya senang Anda merasa seperti ini.', 'Oh begitu. Itu hebat.', 'Apakah sesuatu terjadi yang membuat Anda merasa seperti ini?']"
kasual,"['Oh begitu.', 'Oke', 'Oke', 'Bagus', 'Apa pun', 'K', 'Bagus', 'Ya', 'Ya', 'TIDAK', 'tidak terlalu']","['Mari kita bahas lebih lanjut mengapa Anda merasa seperti ini.', 'Bagaimana perasaan Anda minggu lalu?', 'Aku mendengarkan.Silakan lanjutkan.', 'Ceritakan lebih banyak', 'Dapatkah Anda menguraikan itu?', 'Ayo Lawan Pikiran Anda']"
cemas,"['Saya merasa sangat cemas.', 'Saya sangat cemas karena']","['Jangan keras pada diri sendiri.Apa alasan di balik ini?', 'Bisakah Anda ceritakan lebih banyak tentang perasaan ini?', 'Saya mengerti bahwa itu bisa menakutkan.Ceritakan lebih banyak tentang itu.', 'Jangan biarkan kekhawatiran kecil menjatuhkan Anda.Apa yang lebih buruk yang bisa terjadi?']"
Tidak berbicara,"['Saya tidak ingin membicarakannya.', 'Tidak hanya menjauh.', 'Saya tidak bisa membuat diri saya terbuka.', 'Diam saja']","['Berbicara tentang sesuatu yang sangat membantu.Jika Anda belum siap untuk membuka maka tidak apa -apa.Ketahuilah bahwa saya di sini untuk Anda, setiap kali Anda membutuhkan saya.', 'Aku ingin membantumu.Saya benar-benar.Tetapi agar saya dapat membantu Anda, Anda harus berbicara dengan saya.', 'Saya di sini untuk mendengarkan Anda dan membantu Anda melampiaskan.Jadi tolong bicara dengan saya.', 'Anda dapat berbicara dengan saya tanpa takut penilaian.']"
tidur,"['Saya menderita insomnia', 'Saya menderita insomnia', 'Saya tidak bisa tidur.', 'Saya belum tidur untuk hari -hari terakhir.', 'Sepertinya saya tidak bisa tidur.', 'Saya belum tidur nyenyak selama beberapa hari terakhir.']","['Menurut Anda apa alasan di balik ini?', 'Itu tampak mengerikan.Menurut Anda apa yang ada di balik ini?']"
takut,"['saya ketakutan', 'Kedengarannya mengerikan.Apa yang saya lakukan?', 'Tidak, saya tidak ingin merasakan hal ini', 'Saya takut untuk diri saya sendiri']","['Wajar untuk merasakan hal ini.Aku di sini Untukmu.', 'Semuanya akan baik -baik saja.Perasaan ini hanya sesaat.', 'Saya mengerti bagaimana perasaan anda.Jangan turun sendiri karena itu.']"
kematian,"['Ibuku meninggal', 'Saudaraku meninggal', 'Ayah saya meninggal', 'Kakak saya meninggal', 'Seseorang di keluarga saya meninggal', 'Teman saya meninggal']","['Saya turut berduka mendengarnya.Jika Anda ingin membicarakannya.Aku disini.', 'Saya sangat menyesal mendengarnya.Saya di sini untuk membantu Anda dengan kesedihan, kecemasan dan hal lain yang mungkin Anda rasakan saat ini.', 'Belasungkawa.Saya di sini jika Anda perlu bicara.']"
memahami,"['Anda tidak mengerti saya.', 'Anda hanya beberapa robot.Bagaimana kamu tahu?', 'Anda tidak mungkin tahu apa yang saya alami', 'Anda tidak berguna', 'Anda tidak dapat membantu saya', 'Tak ada yang mengerti diriku.']","['Sepertinya saya tidak terlalu membantu sekarang.', 'Saya turut berduka mendengarnya.Saya melakukan yang terbaik untuk membantu', 'Saya mencoba yang terbaik untuk membantu Anda.Jadi tolong bicara dengan saya']"
Selesai,"['Itu saja.', 'Saya tidak punya apa -apa lagi untuk dikatakan', 'Tidak ada lagi', 'Hanya itu yang harus saya katakan', 'Tidak, itu saja']","['Saya mendengar Anda dan mencatat semuanya.Sampai jumpa lagi.', 'Oh oke kita sudah selesai untuk hari ini.Sampai jumpa lagi', 'Semoga harimu menyenangkan.Sampai berjumpa lagi', 'Oke kita sudah selesai.Semoga harimu menyenangkan', 'Oke begitu.Nikmati sisa hari Anda']"
bunuh diri,"['saya ingin bunuh diri', 'Saya sudah berpikir untuk bunuh diri.', 'Saya ingin mati', 'Saya akan bunuh diri', 'Saya akan bunuh diri']",['Saya sangat menyesal mendengarnya tetapi Anda memiliki banyak hal untuk dinantikan.Silakan mencari bantuan dengan menghubungi: 9152987821.']
benci kamu,"['Aku membencimu', 'Aku tidak menyukaimu', 'Saya tidak mempercayai Anda']","['Saya minta maaf jika saya menyinggung Anda.Saya hanya di sini untuk membantu', 'Maafkan saya jika saya melakukan sesuatu untuk menyinggung perasaan Anda.Saya hanya ingin membantu']"
bencilah aku,"['Kamu membenciku', 'Aku tahu kamu membenciku', 'Anda tidak menyukai saya']","['Mengapa menurutmu begitu?', 'Saya minta maaf jika saya telah menunjukkan segala jenis perilaku untuk membuat Anda berpikir seperti itu.']"
bawaan,"['ujian', 'teman-teman', 'hubungan', 'pacar', 'pacar perempuan', 'keluarga', 'uang', 'masalah keuangan']","['Oh begitu.Ceritakan lebih banyak', 'Jadi begitu.Apa lagi?', 'Ceritakan lebih banyak tentang itu.', 'Oh baiklah.Mengapa Anda tidak memberi tahu saya lebih banyak tentang itu?', 'Aku mendengarkan.Ceritakan lebih banyak.']"
candaan,"['Ceritakan lelucon', 'Ceritakan lelucon lain']",['Kesehatan mental bukan lelucon.']
mengulang,"['Anda sudah memberitahuku itu', 'Anda sudah menyebutkan itu', 'Mengapa Anda mengulangi diri sendiri?']",['Oh maaf saya tidak menyadarinya.Saya akan mencoba untuk tidak mengulangi diri saya lagi.']
salah,"['Apa yang kamu katakan?', 'Itu tidak masuk akal', 'Respons yang salah', 'Jawaban yang salah']",['Aku sangat menyesal.Mari kita coba lagi']
bodoh,"['Apakah kamu bodoh?', 'Kamu gila', 'Anda bodoh', 'Apakah kamu bodoh?']",['Saya berharap Anda tidak akan mengatakan hal -hal yang menyakitkan.Saya minta maaf jika saya tidak berguna']
Lokasi,"['Kamu ada di mana?', 'Kamu tinggal di mana?', 'Apa lokasi Anda?']","['Duh saya tinggal di komputer Anda', 'Di mana pun', 'Di suatu tempat di alam semesta']"
sesuatu-else,"['Saya ingin membicarakan hal lain', 'Mari kita bicara tentang hal lain.', 'Bisakah kita tidak membicarakan hal ini?', 'Saya tidak ingin membicarakan hal ini.']","['Oke pasti.Apa yang ingin Anda bicarakan?', 'Baiklah tidak masalah.Apakah ada sesuatu yang ingin Anda bicarakan?', 'Apakah ada hal lain yang ingin Anda bicarakan?']"
teman-teman,['Saya tidak punya teman'],['Saya turut berduka mendengarnya.Ketahuilah bahwa saya di sini untuk Anda.Membicarakannya mungkin membantu.Menurut Anda mengapa Anda tidak punya teman?']
bertanya,['Bolehkah saya bertanya sesuatu?'],"['Tentu.Saya akan mencoba yang terbaik untuk menjawab Anda', 'Tentu saja.Jangan ragu untuk menanyakan apapun padaku.Saya akan melakukan yang terbaik untuk menjawab Anda']"
masalah,"['Mungkin karena ujian saya semakin dekat.Saya merasa stres karena saya tidak berpikir saya tidak siap dengan cukup baik.', 'Mungkin karena ujian saya']",['Jadi begitu.Sudahkah Anda mengambil pendekatan apa pun untuk tidak merasakan hal ini?']
No-Experporach,"['Saya rasa tidak.Yang bisa saya pikirkan hanyalah ujian saya.', 'tidak terlalu', 'saya rasa tidak']",['Tidak ada masalah.Saya bisa melihat mengapa Anda akan stres tentang itu.Saya dapat menyarankan Anda beberapa tips untuk mengurangi masalah ini.Apakah Anda ingin mempelajari lebih lanjut tentang itu?']
Belajarlah lagi,"['ok tentu saja.Saya ingin mempelajari lebih lanjut tentang itu.', 'Ya, saya ingin mempelajari lebih lanjut tentang itu.', 'Saya ingin mempelajari lebih lanjut tentang itu.']",['Jadi pertama -tama saya akan menyarankan Anda untuk istirahat.Lebih banyak berpikir tentang masalahnya jelas tidak membantu menyelesaikannya.Anda hanya akan membanjiri diri Anda sendiri.']
pengguna-APORE,"['ya kamu benar.Saya pantas istirahat.', 'Ya Anda benar tentang itu']","['Selanjutnya, saya akan menyarankan Anda untuk berlatih meditasi.Meditasi dapat menghasilkan keadaan relaksasi yang mendalam dan pikiran yang tenang.']"
meditasi,"['Hmmm kedengarannya bisa bermanfaat bagi saya.', 'Kedengarannya berguna.']","['Fokuskan semua perhatian Anda pada pernapasan Anda.Berkonsentrasi pada perasaan dan mendengarkan saat Anda menghirup dan menghembuskan napas melalui lubang hidung Anda.Bernafas dalam -dalam dan perlahan.Saat perhatian Anda mengembara, kembalikan dengan lembut fokus Anda ke pernapasan Anda.']"
Meditasi pengguna,"['Saya melakukan apa yang Anda katakan dan saya merasa jauh lebih baik.Terima kasih banyak.', 'Saya merasa lebih baik sekarang']","['Sama-sama.Ingat: Selalu fokus pada apa yang ada dalam kendali Anda.Ketika Anda merasa khawatir, luangkan waktu sebentar untuk memeriksa hal -hal yang Anda kendalikan.Anda tidak dapat mencegah badai datang tetapi Anda dapat mempersiapkannya.Anda tidak dapat mengontrol bagaimana orang lain berperilaku, tetapi Anda dapat mengontrol bagaimana Anda bereaksi.Kenali bahwa kadang -kadang, yang dapat Anda kendalikan hanyalah usaha dan sikap Anda.Saat Anda memasukkan energi ke dalam hal -hal yang dapat Anda kendalikan, Anda akan jauh lebih efektif.']"
Pandora-useful,['Terima kasih banyak lagi.Saya akan terus berlatih meditasi dan fokus pada apa yang dapat saya kendalikan.'],['Saya senang Anda menemukan ini berguna.Apakah ada hal lain yang bisa saya bantu?']
Pengguna-Penasihat,"['Saya ingin beberapa nasihat.', 'Saya butuh nasihat.', 'Saya butuh nasihat tentang sesuatu']","['Tentu.Apa yang saya bisa bantu?', 'Oke, apa yang Anda butuhkan nasihat?']"
belajar-mental-mental,"['Saya ingin belajar tentang kesehatan mental.', 'Saya ingin belajar lebih banyak tentang kesehatan mental.', 'Saya tertarik belajar tentang kesehatan mental.']",['Oh itu sangat bagus.Saya bersedia menjawab apa pun yang saya tahu tentang itu.']
kesehatan mental,"['Ceritakan fakta tentang kesehatan mental', 'Ceritakan fakta lain tentang kesehatan mental']","['Menurut laporan UNICEF, satu dari tujuh orang India berusia antara 15-24 tahun terasa tertekan', '1 dari 5 anak muda (usia 13-18) memiliki atau akan mengembangkan penyakit mental dalam hidup mereka.', 'Depresi adalah penyebab utama kecacatan di seluruh dunia.']"
Fact-1,"['Apa itu kesehatan mental?', 'Tentukan kesehatan mental']","['Kesehatan mental adalah keadaan kesejahteraan di mana individu tersebut menyadari kemampuannya sendiri, dapat mengatasi tekanan kehidupan yang normal, dapat bekerja secara produktif dan bermanfaat, dan mampu memberikan kontribusi kepada komunitasnya', 'Kesehatan mental termasuk kesejahteraan emosional, psikologis, dan sosial kita.Ini memengaruhi cara kita berpikir, merasakan, dan bertindak.Ini juga membantu menentukan bagaimana kita menangani stres, berhubungan dengan orang lain, dan membuat pilihan.']"
Fakta-2,"['Mengapa kesehatan mental penting?', 'Apa pentingnya kesehatan mental?']","['Menjaga kesehatan mental sangat penting untuk menstabilkan perilaku konstruktif, emosi, dan pikiran.Berfokus pada perawatan kesehatan mental dapat meningkatkan produktivitas, meningkatkan citra diri kita, dan meningkatkan hubungan.']"
Fakta-3,"['Apa itu Depresi?', 'Tentukan depresi']","['Gangguan kesehatan mental yang ditandai dengan suasana hati yang tertekan atau kehilangan minat dalam kegiatan, menyebabkan gangguan yang signifikan dalam kehidupan sehari -hari.']"
Fakta-5,"['Bagaimana saya tahu jika saya mengalami depresi?', 'Apakah saya depresi?', 'Apakah saya menderita depresi?', 'Apakah saya sakit mental?']","['Untuk diagnosis depresi, seseorang perlu mengalami suasana hati yang rendah atau kehilangan minat atau kesenangan dalam hidup setidaknya selama 2 minggu.Juga, mereka akan mengalami gejala -gejala berikut: perasaan sedih, putus asa, atau mudah marah hampir setiap hari.']"
Fakta-6,"['Apa itu terapis?', 'Apa yang dilakukan terapis?']","['Terapis adalah penunjukan luas yang mengacu pada para profesional yang dilatih untuk memberikan perawatan dan rehabilitasi.Istilah ini sering diterapkan pada psikolog, tetapi dapat mencakup orang lain yang menyediakan berbagai layanan, termasuk pekerja sosial, konselor, pelatih kehidupan, dan banyak lainnya.']"
Fakta-7,"['Apa itu terapi?', 'Apakah saya membutuhkan terapi?', 'Untuk siapa terapi?']","['Terapi adalah bentuk pengobatan yang bertujuan untuk membantu menyelesaikan masalah mental atau emosional.', 'Terapi adalah bentuk pengobatan yang bertujuan untuk membantu menyelesaikan masalah mental atau emosional.Sangat membantu bagi mereka yang memiliki kondisi kesehatan mental atau bahkan tantangan kehidupan sehari -hari.']"
Fakta-8,['Apa artinya memiliki penyakit mental?'],"['Penyakit mental adalah kondisi kesehatan yang mengganggu pikiran, emosi, hubungan, dan fungsi sehari -hari seseorang.Mereka dikaitkan dengan kesusahan dan berkurangnya kapasitas untuk terlibat dalam kegiatan kehidupan sehari -hari yang biasa.Penyakit mental jatuh di sepanjang rangkaian keparahan: beberapa cukup ringan dan hanya mengganggu beberapa aspek kehidupan, seperti fobia tertentu.Di ujung lain spektrum terletak penyakit mental yang serius, yang mengakibatkan gangguan fungsional utama dan gangguan dengan kehidupan sehari -hari.Ini termasuk gangguan seperti depresi berat, skizofrenia, dan gangguan bipolar, dan mungkin mengharuskan orang tersebut menerima perawatan di rumah sakit.Penting untuk mengetahui bahwa penyakit mental adalah kondisi medis yang tidak ada hubungannya dengan karakter, kecerdasan, atau kemauan seseorang.Sama seperti diabetes adalah kelainan pankreas, penyakit mental adalah kondisi medis karena biologi otak.Demikian pula dengan bagaimana seseorang akan mengobati diabetes dengan obat -obatan dan insulin, penyakit mental dapat diobati dengan kombinasi obat dan dukungan sosial.Perawatan ini sangat efektif, dengan 70-90 persen orang yang menerima pengobatan mengalami pengurangan gejala dan peningkatan kualitas hidup.Dengan perawatan yang tepat, sangat mungkin bagi orang dengan penyakit mental untuk mandiri dan sukses.']"
Fakta-9,['Siapa yang mempengaruhi penyakit mental?'],"['Diperkirakan bahwa penyakit mental mempengaruhi 1 dari 5 orang dewasa di Amerika, dan bahwa 1 dari 24 orang dewasa memiliki penyakit mental yang serius.Penyakit mental tidak membeda -bedakan;Ini dapat mempengaruhi siapa pun, terlepas dari jenis kelamin, usia, pendapatan, status sosial, etnis, agama, orientasi seksual, atau latar belakang.Meskipun penyakit mental dapat mempengaruhi siapa pun, kondisi tertentu mungkin lebih umum pada populasi yang berbeda.Misalnya, gangguan makan cenderung terjadi lebih sering pada wanita, sementara gangguan seperti defisit perhatian/gangguan hiperaktif lebih lazim pada anak -anak.Selain itu, segala usia rentan, tetapi yang muda dan yang tua sangat rentan.Penyakit mental biasanya mengejutkan individu dalam hidup mereka, dengan 75 persen kondisi kesehatan mental berkembang pada usia 24 tahun. Hal ini membuat identifikasi dan pengobatan gangguan mental sangat sulit, karena kepribadian normal dan perubahan perilaku remaja dapat menutupi gejala -gejala gejala darikondisi kesehatan mental.Orang tua dan pengasuh harus menyadari fakta ini, dan memperhatikan perubahan dalam suasana hati anak mereka, kepribadian, kebiasaan pribadi, dan penarikan sosial.Ketika ini terjadi pada anak -anak di bawah 18 tahun, mereka disebut sebagai gangguan emosional yang serius (SED).']"
Fact-10,['Apa yang menyebabkan penyakit mental?'],"['Diperkirakan bahwa penyakit mental mempengaruhi 1 dari 5 orang dewasa di Amerika, dan bahwa 1 dari 24 orang dewasa memiliki penyakit mental yang serius.Penyakit mental tidak membeda -bedakan;Ini dapat mempengaruhi siapa pun, terlepas dari jenis kelamin, usia, pendapatan, status sosial, etnis, agama, orientasi seksual, atau latar belakang.Meskipun penyakit mental dapat mempengaruhi siapa pun, kondisi tertentu mungkin lebih umum pada populasi yang berbeda.Misalnya, gangguan makan cenderung terjadi lebih sering pada wanita, sementara gangguan seperti defisit perhatian/gangguan hiperaktif lebih lazim pada anak -anak.Selain itu, segala usia rentan, tetapi yang muda dan yang tua sangat rentan.Penyakit mental biasanya mengejutkan individu dalam hidup mereka, dengan 75 persen kondisi kesehatan mental berkembang pada usia 24 tahun. Hal ini membuat identifikasi dan pengobatan gangguan mental sangat sulit, karena kepribadian normal dan perubahan perilaku remaja dapat menutupi gejala -gejala gejala darikondisi kesehatan mental.Orang tua dan pengasuh harus menyadari fakta ini, dan memperhatikan perubahan suasana hati, kepribadian, kebiasaan pribadi, dan penarikan sosial anak mereka.Ketika ini terjadi pada anak -anak di bawah 18 tahun, mereka disebut sebagai gangguan emosional yang serius (SED).']"
Fact-11,['Apa saja tanda -tanda peringatan penyakit mental?'],"['Gejala gangguan kesehatan mental bervariasi tergantung pada jenis dan tingkat keparahan kondisi tersebut.Berikut ini adalah daftar gejala umum yang mungkin menunjukkan gangguan kesehatan mental, terutama ketika gejala berganda diekspresikan sekaligus.\n Pada orang dewasa:\n Bingung berpikir\n Kesedihan atau mudah marah yang tahan lama\n Tinggi dan rendah dalam suasana hati\n Ketakutan yang berlebihan, mengkhawatirkan, atau kecemasan\n Penarikan sosial\n Perubahan dramatis dalam kebiasaan makan atau tidur\n Perasaan marah yang kuat\n Delusi atau halusinasi (melihat atau mendengar hal -hal yang tidak benar -benar ada)\n Meningkatkan ketidakmampuan untuk mengatasi masalah dan kegiatan sehari -hari\n Pikiran bunuh diri\n Penolakan masalah yang jelas\n Banyak masalah fisik yang tidak dapat dijelaskan\n Penyalahgunaan narkoba dan/atau alkohol\n \nPada anak yang lebih besar dan pra-remaja:\n Penyalahgunaan narkoba dan/atau alkohol\n Ketidakmampuan untuk mengatasi masalah dan aktivitas sehari -hari\n Perubahan kebiasaan tidur dan/atau makan\n Keluhan Masalah Fisik yang Berlebihan\n Menentang otoritas, melewatkan sekolah, mencuri, atau merusak properti\n Ketakutan yang intens untuk menambah berat badan\n Suasana hati negatif yang tahan lama, seringkali bersama dengan nafsu makan yang buruk dan pikiran mati\n Ledakan kemarahan yang sering\n \nPada anak kecil:\n Perubahan kinerja sekolah\n Nilai yang buruk meskipun ada upaya kuat\n Kekhawatiran atau kecemasan yang berlebihan\n Hiperaktif\n Mimpi buruk yang gigih\n Ketidaktaatan yang terus -menerus dan/atau perilaku agresif\n Tantrum temperamen yang sering terjadi']"
Fact-12,['Bisakah orang dengan penyakit mental pulih?'],"['Ketika penyembuhan dari penyakit mental, identifikasi dan pengobatan dini sangat penting.Berdasarkan sifat penyakit, ada berbagai perawatan efektif yang tersedia.Untuk semua jenis perawatan, penting bahwa orang yang terkena dampak proaktif dan sepenuhnya terlibat dalam proses pemulihan mereka sendiri.Banyak orang dengan penyakit mental yang didiagnosis dan dirawat merespons dengan baik, meskipun beberapa mungkin mengalami kembalinya gejala.Bahkan dalam kasus seperti itu, dengan pemantauan dan pengelolaan gangguan yang cermat, masih sangat mungkin untuk menjalani kehidupan yang terpenuhi dan produktif.']"
Fact-13,['Apa yang harus saya lakukan jika saya mengenal seseorang yang tampaknya memiliki gejala gangguan mental?'],"['Meskipun Pandora tidak dapat menggantikan nasihat profesional, kami mendorong mereka yang memiliki gejala untuk berbicara dengan teman dan anggota keluarga mereka dan mencari nasihat seorang profesional kesehatan mental.Semakin cepat kondisi kesehatan mental diidentifikasi dan dirawat, semakin cepat mereka bisa berada di jalan menuju pemulihan.Jika Anda mengenal seseorang yang mengalami masalah, jangan berasumsi bahwa masalah itu akan sembuh sendiri.Biarkan mereka tahu bahwa Anda peduli pada mereka, dan ada pilihan perawatan yang tersedia yang akan membantu mereka sembuh.Bicaralah dengan seorang profesional atau penasihat kesehatan mental jika Anda pikir teman atau anggota keluarga Anda mengalami gejala kondisi kesehatan mental.Jika orang yang terkasih tahu bahwa Anda mendukung mereka, mereka akan lebih cenderung mencari bantuan.']"
Fact-14,['Bagaimana saya bisa menemukan profesional kesehatan mental untuk diri saya sendiri atau anak saya?'],['Merasa nyaman dengan profesional yang Anda atau anak Anda bekerja sama sangat penting untuk keberhasilan perawatan.Menemukan profesional yang paling sesuai dengan kebutuhan Anda mungkin memerlukan penelitian.Mulailah dengan mencari penyedia di daerah Anda.']
Fact-15,['Pilihan perawatan apa yang tersedia?'],"['Sama seperti ada berbagai jenis obat untuk penyakit fisik, pilihan perawatan yang berbeda tersedia untuk individu dengan penyakit mental.Perawatan bekerja secara berbeda untuk orang yang berbeda.Penting untuk menemukan apa yang paling cocok untuk Anda atau anak Anda.']"
Fact-16,"['Jika saya terlibat dalam perawatan, apa yang perlu saya ketahui?']","['Karena memulai perawatan adalah langkah besar bagi individu dan keluarga, itu bisa sangat luar biasa.Penting untuk terlibat dan terlibat dalam proses perawatan sebanyak mungkin.Beberapa pertanyaan yang perlu Anda jawab termasuk:\n Apa yang diketahui tentang penyebab penyakit khusus ini?\n Apakah ada diagnosis lain di mana gejala -gejala ini umum?\n Apakah Anda biasanya memasukkan pemeriksaan fisik atau neurologis?\n Apakah ada tes atau ujian tambahan yang akan Anda rekomendasikan pada saat ini?\n Apakah Anda akan menyarankan pendapat independen dari psikiater lain saat ini?\n Program pengobatan apa yang paling membantu dengan diagnosis ini?\n Apakah program ini akan melibatkan layanan oleh spesialis lain?Jika demikian, siapa yang akan bertanggung jawab untuk mengoordinasikan layanan ini?\n Apa yang Anda lihat sebagai peran keluarga dalam program perawatan ini?\n Berapa banyak akses yang akan dimiliki keluarga kepada orang -orang yang menyediakan perawatan?\n Obat apa yang umumnya digunakan dengan diagnosis ini?\n Berapa banyak pengalaman yang Anda miliki dalam memperlakukan individu dengan penyakit ini?\n Apa yang dapat saya lakukan untuk membantu Anda dalam perawatan?']"
Fact-17,['Apa perbedaan antara profesional kesehatan mental?'],"['Ada banyak jenis profesional kesehatan mental.Variasi penyedia dan layanan mereka mungkin membingungkan.Masing -masing memiliki berbagai tingkat pendidikan, pelatihan, dan mungkin memiliki bidang keahlian yang berbeda.Menemukan profesional yang paling sesuai dengan kebutuhan Anda mungkin memerlukan penelitian.']"
Fact-18,['Bagaimana saya bisa menemukan profesional kesehatan mental untuk anak saya atau diri saya sendiri?'],['Merasa nyaman dengan profesional yang Anda atau anak Anda bekerja sama sangat penting untuk keberhasilan perawatan Anda.Menemukan profesional yang paling sesuai dengan kebutuhan Anda mungkin memerlukan penelitian.']
Fact-19,['Di mana lagi saya bisa mendapatkan bantuan?'],"['Di mana Anda mencari bantuan akan tergantung pada sifat masalah dan/atau gejala dan apa yang paling cocok untuk Anda.Seringkali, tempat terbaik untuk memulai adalah dengan berbicara dengan seseorang yang Anda percayai tentang kekhawatiran Anda, seperti anggota keluarga, teman, pendeta, penyedia layanan kesehatan, atau profesional lainnya.Memiliki dukungan sosial ini sangat penting dalam penyembuhan dari penyakit mental, dan Anda akan dapat meminta mereka untuk rujukan atau rekomendasi untuk praktisi kesehatan mental tepercaya.Cari sumber daya kesehatan mental di daerah Anda.Kedua, ada orang dan tempat di seluruh negeri yang menyediakan layanan untuk berbicara, mendengarkan, dan membantu Anda dalam perjalanan menuju pemulihan.Ketiga, banyak orang menemukan peer mendukung alat yang bermanfaat yang dapat membantu pemulihan mereka.Ada berbagai organisasi yang menawarkan kelompok pendukung untuk konsumen, anggota keluarga mereka, dan teman -teman.Beberapa kelompok pendukung dipimpin rekan sementara yang lain mungkin dipimpin oleh seorang profesional kesehatan mental.']"
Fact-20,['Apa yang harus saya ketahui sebelum memulai obat baru?'],"['Sumber informasi terbaik mengenai obat -obatan adalah dokter yang meresepkannya.Dia harus bisa menjawab pertanyaan seperti:\n1. Apa yang seharusnya dilakukan obat?\n2. Kapan harus mulai berlaku, dan bagaimana saya tahu kapan itu efektif?\n3. Bagaimana obat diminum dan untuk berapa lama?Makanan, minuman, obat -obatan lain, dan kegiatan apa yang harus dihindari saat minum obat ini?\n4. Apa efek sampingnya dan apa yang harus dilakukan jika terjadi?\n5. Apa yang harus saya lakukan jika dosis terlewatkan?\n6. Apakah ada informasi tertulis yang tersedia tentang obat ini?\n7. Apakah ada obat lain yang mungkin tepat?\n8. Jika demikian, mengapa Anda lebih suka yang Anda pilih?\n9. Bagaimana Anda memantau obat dan gejala apa yang menunjukkan bahwa mereka harus dinaikkan, diturunkan, atau diubah?\n10. Semua obat harus diminum sesuai petunjuk.Sebagian besar obat untuk penyakit mental tidak bekerja ketika diminum secara tidak teratur, dan dosis ekstra dapat menyebabkan efek samping yang parah dan terkadang berbahaya.Banyak obat psikiatris mulai memiliki efek menguntungkan hanya setelah mereka diambil selama beberapa minggu.']"
Fakta-21,['Di mana saya bisa pergi untuk menemukan terapi?'],"['Berbagai jenis terapi lebih efektif berdasarkan sifat kondisi kesehatan mental dan/atau gejala dan orang yang memilikinya (misalnya, anak -anak akan mendapat manfaat dari terapis yang berspesialisasi dalam kesehatan mental anak -anak).Namun, ada beberapa jenis perawatan dan terapi yang dapat membantu.']"
Fakta-22,['Di mana saya dapat belajar tentang jenis perawatan kesehatan mental?'],"['Kondisi kesehatan mental sering diobati dengan obat, terapi atau kombinasi keduanya.Namun, ada banyak jenis perawatan yang tersedia, termasuk perawatan komplementer & alternatif, rencana swadaya, dan dukungan sebaya.Perawatan sangat pribadi dan harus dibahas oleh orang dengan kondisi kesehatan mental dan timnya.']"
Fakta-23,['Apa saja berbagai jenis profesional kesehatan mental?'],['Ada banyak jenis profesional kesehatan mental.Menemukan yang tepat untuk Anda mungkin memerlukan penelitian.']
Fakta-24,['Di mana saya bisa pergi mencari grup pendukung?'],"['Banyak orang menemukan peer mendukung alat yang bermanfaat yang dapat membantu pemulihan mereka.Ada berbagai organisasi yang menawarkan kelompok pendukung untuk konsumen, anggota keluarga dan teman -teman mereka.Beberapa kelompok pendukung dipimpin rekan, sementara yang lain mungkin dipimpin oleh profesional kesehatan mental.']"
Fakta-25,['Bisakah Anda mencegah masalah kesehatan mental?'],"['Kita semua dapat menderita tantangan kesehatan mental, tetapi mengembangkan kesejahteraan, ketahanan, dan mencari bantuan kita sejak dini dapat membantu mencegah tantangan menjadi serius.']"
Fakta-26,"['Apakah ada obat untuk masalah kesehatan mental?', 'Apakah ada obat untuk masalah kesehatan mental?']","['Seringkali lebih realistis dan bermanfaat untuk mengetahui apa yang membantu dengan masalah yang Anda hadapi.Berbicara, konseling, obat -obatan, persahabatan, olahraga, tidur nyenyak dan nutrisi, dan pekerjaan yang bermakna semuanya bisa membantu.']"
Fakta-27,['Apa yang menyebabkan masalah kesehatan mental?'],"['Tantangan atau masalah dengan kesehatan mental Anda dapat muncul dari masalah psikologis, biologis, dan sosial, serta peristiwa kehidupan.']"
Fakta-28,['Apa yang saya lakukan jika saya khawatir tentang kesehatan mental saya?'],"['Yang paling penting adalah berbicara dengan seseorang yang Anda percayai.Ini mungkin teman, kolega, anggota keluarga, atau dokter umum.Selain berbicara dengan seseorang, mungkin berguna untuk mengetahui informasi lebih lanjut tentang apa yang Anda alami.Hal -hal ini dapat membantu mendapatkan beberapa perspektif tentang apa yang Anda alami, dan menjadi awal mendapatkan bantuan.']"
Fakta-29,['Bagaimana saya tahu jika saya tidak sehat?'],"['Jika keyakinan, pikiran, perasaan, atau perilaku Anda memiliki dampak yang signifikan pada kemampuan Anda untuk berfungsi dalam apa yang mungkin dianggap sebagai cara yang normal atau biasa, penting untuk mencari bantuan.']"
Fact-30,['Bagaimana saya bisa mempertahankan koneksi sosial?Bagaimana jika saya merasa kesepian?'],"['Banyak orang sendirian sekarang, tetapi kita tidak harus kesepian.Kita semua dalam hal ini bersama.Pikirkan berbagai cara untuk terhubung yang paling berarti bagi Anda.Misalnya, Anda mungkin lebih suka obrolan video daripada panggilan telepon, atau Anda mungkin lebih suka mengirim pesan teks sepanjang hari daripada satu waktu yang ditetapkan untuk panggilan video.Kemudian, bekerja dengan jejaring sosial Anda untuk membuat rencana.Anda dapat mengobrol video dengan teman dekat Anda di malam hari dan menelepon anggota keluarga seminggu sekali.Ingatlah untuk memperhatikan orang -orang yang mungkin tidak online.Check -in melalui telepon dan tanyakan bagaimana Anda dapat membantu.Kualitas koneksi sosial Anda penting.Tanpa pikiran menggulir melalui media sosial dan menyukai beberapa posting biasanya tidak membangun koneksi sosial yang kuat.Pastikan Anda fokus pada strategi yang benar -benar membuat Anda merasa termasuk dan terhubung.Jika strategi Anda saat ini tidak membantu Anda merasa terhubung, lekukan masalah untuk melihat apakah Anda dapat menemukan solusi.Semua orang kadang -kadang merasa kesepian.Mungkin Anda baru saja pindah ke kota baru, mengubah lingkaran teman Anda, kehilangan seseorang yang penting dalam hidup Anda, atau kehilangan pekerjaan dan juga kehilangan hubungan sosial penting dengan rekan kerja.Orang lain mungkin memiliki koneksi fisik dengan orang lain tetapi mungkin merasa seperti kebutuhan emosional atau sosial mereka tidak terpenuhi.Langkah-langkah seperti jarak sosial atau isolasi diri dapat membuat kesepian terasa lebih buruk, tidak peduli mengapa Anda merasa kesepian sekarang.Jangkau koneksi yang Anda miliki.Sarankan cara untuk tetap berhubungan dan melihat apakah Anda dapat mengatur waktu reguler untuk terhubung.Orang mungkin ragu untuk menjangkau banyak alasan berbeda, jadi jangan takut menjadi orang yang bertanya.Cari kelompok pendukung masyarakat setempat dan kelompok bantuan timbal balik di media sosial.Pandemi ini menyatukan semua orang, jadi cari peluang untuk membuat koneksi baru.Kelompok -kelompok ini adalah cara yang bagus untuk berbagi keterampilan dan kemampuan Anda atau mencari bantuan dan dukungan.Cari kelompok pendukung khusus.Grup pendukung bergerak secara online, dan ada banyak jalur dukungan yang berbeda untuk dihubungi jika Anda perlu berbicara dengan seseorang.']"
Fakta-31,['Apa perbedaan antara kecemasan dan stres?'],"['Stres dan kecemasan sering digunakan secara bergantian, dan ada tumpang tindih antara stres dan kecemasan.Stres terkait dengan pertarungan yang sama, penerbangan, atau respons beku sebagai kecemasan, dan sensasi fisik kecemasan dan stres mungkin sangat mirip.Namun, penyebab stres dan kecemasan biasanya berbeda.Stres berfokus terutama pada tekanan eksternal pada kami yang kami temukan dengan keras untuk mengatasinya.Ketika kita stres, kita biasanya tahu apa yang kita stres, dan gejala stres biasanya hilang setelah situasi stres berakhir.Kecemasan, di sisi lain, tidak selalu mudah untuk diketahui.Kecemasan berfokus pada kekhawatiran atau ketakutan tentang hal -hal yang dapat mengancam kita, serta kecemasan tentang kecemasan itu sendiri.Stres dan kecemasan keduanya adalah bagian dari menjadi manusia, tetapi keduanya bisa menjadi masalah jika mereka bertahan lama atau berdampak pada kesejahteraan atau kehidupan sehari-hari kita.']"
Fakta-32,"['Apa perbedaan antara kesedihan dan depresi?', 'Perbedaan antara kesedihan dan depresi']","[""Kesedihan adalah reaksi normal terhadap kehilangan, kekecewaan, masalah, atau situasi sulit lainnya.Merasa sedih dari waktu ke waktu hanyalah bagian lain dari menjadi manusia.Dalam kasus ini, perasaan sedih hilang dengan cepat dan Anda bisa menjalani kehidupan sehari -hari.Cara -cara lain untuk berbicara tentang kesedihan mungkin terasa rendah, merasa sedih, atau merasa biru. Orang mungkin mengatakan mereka merasa tertekan, tetapi jika itu hilang dengan sendirinya dan tidak memengaruhi kehidupan secara besar -besaran, itu mungkin bukan 't penyakit depresi.Depresi adalah penyakit mental yang memengaruhi suasana hati Anda, cara Anda memahami diri sendiri, dan cara Anda memahami dan berhubungan dengan hal -hal di sekitar Anda.Ini juga dapat digunakan dengan nama yang berbeda, seperti depresi klinis, gangguan depresi mayor, atau depresi berat.Depresi dapat muncul tanpa alasan, dan itu berlangsung lama.Ini lebih dari sekadar kesedihan atau suasana hati yang rendah.Orang yang mengalami depresi mungkin terasa tidak berharga atau putus asa.Mereka mungkin merasa tidak masuk akal.Beberapa orang mungkin mengalami depresi sebagai kemarahan atau mudah marah.Mungkin sulit untuk berkonsentrasi atau membuat keputusan.Kebanyakan orang kehilangan minat pada hal -hal yang dulu mereka nikmati dan dapat mengisolasi diri dari orang lain.Ada juga tanda -tanda fisik depresi, seperti masalah dengan tidur, nafsu makan dan energi dan nyeri atau nyeri yang tidak dapat dijelaskan.Beberapa mungkin mengalami pikiran yang sulit tentang kematian atau mengakhiri hidup mereka (bunuh diri).Depresi berlangsung lebih dari dua minggu, biasanya tidak hilang dengan sendirinya, dan memengaruhi hidup Anda.Ini penyakit nyata, dan sangat bisa diobati.Penting untuk mencari bantuan jika Anda khawatir tentang depresi.""]"
